-- DROP DATABASE QUANLIDIEMHOCSINH;
-- 
-- CREATE DATABASE QUANLIDIEMHOCSINH;

USE QUANLIDIEMHOCSINH;

SELECT * FROM diem WHERE ID_Student = 'S011' AND mon = 'Sinh';
UPDATE diem SET diemTB = '7.2' WHERE ID_Student = 'S011' AND mon = 'Sinh';

-- SELECT * FROM user;
-- 
-- SELECT * FROM person;

INSERT INTO Person
VALUES 
('T601','Nguyen Thanh Tung','1987/5/4','Nam','Thai Binh','sontung@gmail.com','123-9874561230'),
('T602','Dam Vinh Hung','1978/7/8','Nam','Quang Nam','vinhhung@gmail.com','123-9874561231'),
('T603','Mi Tam','1989/7/8','Nu','Da Nang','mytam@gmail.com','123-9874561232'),
('T604','Vinh Thien Kim','1986/1/19','Nu','Ca Mau','thienvinh@gmail.com','123-9874561233'),
('T605','Truog Giang','1993/6/10','Nam','Quang Nam','giangtruong@gmail.com','123-9874561234'),
('T606','Van Mai Huong','1989/6/12','Nu','Ha Noi','huongmai@gmail.com','123-9874561235'),
('T607','Phuoc Thinh','1978/5/9','Nam','Ho Chi Minh','thinhphuoc@gmail.com','123-9874561236'),
('T608','Quang Vinh','1979/4/8','Nam','Tuyen Quang','vinhquang@gmail.com','123-9874561237'),
('T609','ung Hoang Phuc','1980/4/9','Nam','Ho Chi Minh','phuchoang@gmail.com','123-9874561238'),
('T610','Quang Thang','1989/2/5','Nam','Tuyen Quang','thangta@gmail.com','123-9874561239'),

('T701','Only C','1986/3/10','Nam','Thai Binh','onlyc@gmail.com','123-9874561240'),
('T702','Casio','1971/7/3','Nam','English','casio@gmail.com','123-9874561242'),
('T703','Bao Thy','1980/5/18','Nu','Ha Noi','thibao@gmail.com','123-9874561243'),
('T704','Bao Anh','1984/8/17','Nu','Tuyen Quang','anhbao@gmail.com','123-9874561244'),
('T705','Gia Bao','1990/6/25','Nam','Quang Nam','baogia@gmail.com','123-9874561245'),
('T706','Quynh Anh','1993/7/8','Nu','Quang Ngai','anhquynh@gmail.com','123-9874561246'),
('T707','Le Quyen','1986/7/6','Nu','Ha Noi','quyenle@gmail.com','123-9874561247'),
('T708','Ho Ngoc Ha','1985/9/5','nu','Quang Ngai','haho@gmail.com','123-9874561248'),
('T709','Bich Phuong','1965/7/5','Nu','Ha Noi','phuongbich@gmail.com','123-9874561249'),
('T710','Chi Dan','1964/7/10','Nam','Tuyên Quang','dachi@gmail.com','123-9874561250'),

('T801','Chi Thien','1985/6/10','Nam','Ho Chi Minh','thienchi@gmail.com','123-9874561251'),
('T802','Duy Manh','1987/4/8','Nam','Ha Noi','manhduy@gmail.com','123-9874561252'),
('T803','Dang Khoi','1987/2/3','Nam','Da Nang','khoidang@gmail.com','123-9874561253'),
('T804','Doan Trang','1967/3/4','Nu','Ca Mau','doantrang@gmail.com','123-9874561254'),
('T805','Dong Nhi','1985/6/5','Nu','Da Nang','nhidong@gmail.com','123-9874561255'),
('T806','Duc Phuc','1986/7/6','Nam','Tuyen Quang','phucduc@gmail.com','123-9874561256'),
('T807','Ong Cao Thang','1980/5/18','Nam','Ho Chi Minh','thangcao@gmail.com','123-9874561257'),
('T808','Hien Thuc','1979/4/8','Nu','Ha Noi','hienthuc@gmail.com','123-9874561258'),
('T809','Ha Anh Tuan','1986/1/19','Nam','Ho Chi Minh','hatuan@gmail.com','123-9874561259'),
('T810','Hoai Lam','1986/1/19','Nam','Quang Nam','lamhoai@gmail.com','123-9874561260'),

('T901','Hai Bang','1978/7/8','Nu','Quang Ninh','haibang@gmail.com','123-9874561271'),
('T902','Hua Vi Van','1984/8/17','Nam','Gia Lai','vivan@gmail.com','123-9874561272'),
('T903','Hoang Chau','1979/4/8','Nu','Da Nang','chauhoang@gmail.com','123-9874561273'),
('T904','Ho Quynh Huong','1980/4/9','Nu','Ha Noi','quynhhuong@gmail.com','123-9874561274'),
('T905','Huong Giang','1987/5/4','Nu','Hai Phong','gianghuong@gmail.com','123-9874561275'),
('T906','Khanh Linh','1964/7/10','Nu','Ha Noi','linhkhanh@gmail.com','123-9874561276'),
('T907','Khoi My','1978/7/8','Nu','Binh Thuan','mikhoi@gmail.com','123-9874561277'),
('T908','Khuong Ngoc','1979/4/8','Nam','Vinh Long','khuongngoc@gmail.com','123-9874561278'),
('T909','Le Hieu','1986/3/10','Nam','Binh Dinh','lehieu@gmail.com','123-9874561279'),
('T910','Le Thien Hieu','1987/3/5','Nam','Binh Dinh','hieuthien@gmail.com','123-9874561280'),

('AD','Thai Thanh Tung','1990/05/06','Nam','Ha Noi','thanhTung@gmail.com','09754734899'),

('S001','Doan Thi Ly','1999/02/01','Nu','101B Le Huu Trac - Da Nang','ly.doan.student@gmail.com','0126607142'),
('S002','Tran Van Tai','1999/02/04','Nam','Le Thuy - Quang Binh','tai.tran@gmail.com','09366663333'),
('S003','Tran Ngoc Hung','1999/12/03','Nam','Le Roi - Quang Binh','hungcute@gamil.com','0905100508'),
('S004','Tran Thi Nhu Ngoc','1999/08/03','Nu','Hoa Vang - Da Nang','nhungoc1999@gamil.com','0932170508'),
('S005','Nguyen Tuong Vy','1999/02/06','Nu','Dien Ban - Quang Nam','tuongvy@gamil.com','01267819262'),
('S006','Vo Van Huy','1999/10/10','Nu','Dien Thang - Quang Nam','huyvo@gamil.com','09163542367'),
('S007','Ho Van Tao','1999/02/12','Nam','Dien Thang - Quang Nam','taohovan@gamil.com','01262271132'),
('S008','Le Ngu Hieu','1999/11/07','Nam','Dien Ban - Quang Nam','HieuLe@gamil.com','09163542367'),
('S009','Nguyen Tan Cam','1999/09/11','Nam','Hoa Nhon - Da Nang','tancam99@gamil.com','0916642237'),
('S010','Nguyen Thi My Phuoc','1999/01/01','Nu','Hoa Khuong - Da Nang','myphuoccute@gamil.com','0121565565'),
('S011','Nguyen Thanh Trung','1999/08/10','Nam','Dai Hung - Quang Ngai','thanhtrung@gamil.com','01262117771'),
('S012','Ngo Tung','1999/12/07','Nam','Le Thuy - Quang Binh','tungbe@gamil.com','0511627813'),
('S013','Le Dai Gian','1999/11/11','Nam','Le Duong - Quang Tri','daigian@gamil.com','0121456789'),
('S014','Vo Tuy Quyen','1999/03/09','Nam','Tay Son - Binh Dinh','tuyquyen@gamil.com','0905050505'),
('S015','Ngo Thi Kim Chi','1999/06/06','Nu','Dien Thang - Quang Nam','KimChi@gamil.com','090542367'),
('S016','Dinh Dai Keo','1999/05/04','Nam','Bo Trach - Quang Binh','Daikeo@gamil.com','01888888888'),
('S017','Danh Ngoc Nam','1999/05/02','Nam','Dien Thang - Quang Nam','namdanh@gamil.com','0916854367'),
('S018','De Dep Nhu Tien','1999/03/05','Nu','Son La - Hoa Binh','NhuTien@gamil.com','0905052056'),
('S019','Mang Da Xau','1999/04/02','Nu','Dien Thoai - Ha Noi','xaudamang@gamil.com','0905000000'),
('S020','Pham Thi Dep La','1999/07/07','Nu','Binh Phuoc - Binh Duong','Depla@gamil.com','01212121212'),
('S021','Tu Hai','1999/10/10','Nam','Lop 10 - Truyen Kieu','tuhai@gamil.com','0916342367'),
('S022','Vo Van Thang','1999/12/10','Nam','Hoa Phu - Da Nang','THANGVO@gamil.com','09123456789'),
('S023','Y Thot Quyet','1999/07/05','Nu','Ngoc Hoi - Kon T Um','yquyet@gamil.com','0905008512'),
('S024','Ma Van Loc','1999/07/16','Nam','Dien Thang - Quang Nam','van.loc@gamil.com','0913641445'),
('S025','Dang Thiet','1999/11/29','Nam','Hoa Son - Da Nang','dangthiet@gamil.com','0917544641'),
('S026','Vo Dai Tai','1999/04/13','Nam','Dien Thang - Quang Nam','daitai@gamil.com','0215445654'),
('S027','Tran Thi Quyen','1999/11/24','Nu','Hoa Nhon - Da Nang','thiqyen@gamil.com','091245651'),
('S028','Tran Minh Tuan','1999/02/25','Nam','Dien Ban - Quang Nam','Minhtuan@gamil.com','0914152367'),
('S029','Vo Van Minh','1999/08/04','Nam','Dien Thang - Quang Nam','vanminh@gamil.com','0916351247'),
('S030','Tran Minh Phuoc','1999/05/26','Nam','Dien Thang - Quang Nam','phuoctam@gamil.com','091441121'),
('S031','Nguyen Thi Ty','1999/11/10','Nu','Dien Thang - Quang Nam','thity@gamil.com','0121436741'),
('S032','Ma Thi Tai Lanh','1999/04/22','Nu','Dien Thang - Quang Nam','tailanh@gamil.com','0905515544'),
('S033','Danh Thanh Tai','1999/12/08','Nu','Dien Thang - Quang Nam','thanhtai@gamil.com','0916314154'),
('S034','Nguyen Thi','1999/10/11','Nam','Dien Ngoc - Quang Nam','nguyenthi@gamil.com','091635524'),
('S035','Nguyen Thi Vui','1999/11/24','Nu','Dien Ngoc - Quang Nam','taitai@gamil.com','01214556874'),
('S036','Dinh Son Lam','1999/11/06','Nam','Dien Ngoc - Quang Nam','sonlam@gamil.com','091744554 1'),
('S037','Vo Thi Nhu','1999/11/11','Nu','Dien Ngoc - Quang Nam','thinhu@gamil.com','09167854451'),
('S038','Ngo Thi Trinh Nu','1999/12/10','Nu','Dien Ngoc - Quang Nam','trinhnu@gamil.com','0212541552'),
('S039','Vo Van Tien','1999/07/09','Nam','Dien Ngoc - Quang Nam','vantien@gamil.com','0916554447'),
('S040','Dang Ngoc Huy','1999/10/20','Nam','Dien Thang - Quang Nam','huydang@gamil.com','0985845221'),
('S041','Do Thi Trinh Nu','1999/04/07','Nu','Dien Thang - Quang Nam','tinhnu@gamil.com','0958547114'),
('S042','Vo Thi Tho Ngoc','1999/12/10','Nu','Dien Thang - Quang Nam','thongoc@gamil.com','0941811445'),
('S043','Xau Nhu Ma','1999/11/11','Nu','Dien Ngoc - Quang Nam','nhuma@gamil.com','0944114455'),
('S044','Xau Nhu Quy','1999/10/10','Nam','Dien Thang - Quang Nam','nhuquy@gamil.com','0989874411'),
('S045','Nguyen Van Gia Thinh','1999/04/06','Nam','Hoa Vang - Da Nang','thinhnguyen@gamil.com','0445778145'),
('S046','Vo Thanh Tai','1999/08/08','Nam','Le Thuy - Quang Binh','taivo@gamil.com','09154858541'),
('S047','Tran Thi Thanh','1999/11/10','Nu','Hoa Vang - Da Nang','thithanh@gamil.com','0121455555'),
('S048','Phanh Dinh Tung','1999/09/25','Nam','Hoa Vang - Da Nang','dinhtung@gamil.com','0126524951'),
('S049','Dong Nhi','1999/03/29','Nu','Dien Thang - Quang Nam','dongnhi@gamil.com','0916355541'),
('S050','Nguyen Tran Thi Nhu','1999/01/21','Nu','Le Thuy - Quang Binh','thinhu@gamil.com','0916884778'),
('S051','Phan Thi Hanh','1999/04/16','Nu','Dien Thang - Quang Nam','thihanh@gamil.com','0915512351'),
('S052','Dang Thi Le','1999/05/09','Nu','Hoa Vang - Da Nang','legia@gamil.com','0121675524'),
('S053','Nguyen Thi Diem','1999/06/07','Nu','Dien Thang - Quang Nam','thidiem@gamil.com','0905826522'),
('S054','Vo Van Su','1999/02/06','Nam','Hoa Vang - Da Nang','vansu@gamil.com','0975851565'),
('S055','Tan Van Thuong','1999/05/10','Nam','Hoa Vang - Da Nang','vanthuong@gamil.com','0915511044'),
('S056','Tan Van Huy','1999/04/20','Nam','Dien Thang - Quang Nam','vanhuy@gamil.com','01214525335'),
('S057','Huy Xa Quan','1999/03/25','Nam','Hoa Vang - Da Nang','huyxaquan@gamil.com','0125489525'),
('S058','Phan Thi Ny Ny','1999/02/02','Nu','Dien Thang - Quang Nam','nyny@gamil.com','05454155214'),
('S059','Duong Thi Thuy Lan','1999/12/01','Nu','Le Thuy - Quang Binh','thuylan@gamil.com','091546885411'),
('S060','Tan My Hanh','1999/12/15','Nu','Hoa Vang - Da Nang','myhanh@gamil.com','0956585565'),
('S061','Dang Phu Loc','1999/11/14','Nam','Le Thuy - Quang Binh','phuloc@gamil.com','0944415551'),
('S062','Tran Van Tam','1999/07/01','Nam','Hoa Vang - Da Nang','vantam@gamil.com','09587411552'),
('S063','Vo Thi Thuy Trang','1999/02/07','Nu','Hoa Vang - Da Nang','thuytrang@gamil.com','0916351367'),
('S064','Nguyen Thanh Nhan','1999/03/08','Nam','Le Thuy - Quang Binh','thanhnhan@gamil.com','09163542441'),
('S065','Phan Manh Quynh','1999/04/06','Nam','Dien Thang - Quang Nam','manhquynh@gamil.com','01215645145'),
('S066','Mai Tai Phen','1999/05/07','Nu','Le Thuy - Quang Binh','taiphen@gamil.com','01216842367'),
('S067','Tran Thi My Tam','1999/06/05','Nu','Hoa Vang - Da Nang','mytam@gamil.com','01215642367'),
('S068','Tran Van Hoai','1999/07/04','Nam','Dien Thang - Quang Nam','vanhoai@gamil.com','012365442367'),
('S069','Tran Tuan','1999/08/07','Nam','Hoa Vang - Da Nang','trantuan@gamil.com','095574142367'),
('S070','Vo Nhu Mai','1999/09/08','Nu','Dien Thang - Quang Nam','nhumai@gamil.com','09185412367'),
('S071','Bui Thai Tai Nhat','1999/10/09','Nam','Le Thuy - Quang Binh','tainhat@gamil.com','09188512367'),
('S072','Ngo Thi Kim Thao','1999/11/08','Nu','Dien Thang - Quang Nam','kimthao@gamil.com','01267482367'),
('S073','Nguyen Minh Tan','1999/12/12','Nam','Le Thuy - Quang Binh','tannguyen@gamil.com','012985242367'),
('S074','Nguyen Thi My Trang','1999/11/11','Nu','Hoa Vang - Da Nang','mytrang@gamil.com','09164545367'),
('S075', 'Vo Dinh','1999/05/10', 'Nam','Dien Thang - Quang Nam',' dinhvo@gamil.com ', '091614551367'),
('S076', 'Vo Hao','1999/06/11','Nam', 'Son Tra- Da Nang','haovo@gamil.com ', '0521773542367'),
('S077', 'Vo Lam','1999/12/01','Nam', 'Hai Chau-  Da Nang',' lamvo@gamil.com ', '09745542367'),
('S078', 'Vo Chi','1999/02/10', 'Nu','Thanh Ke-  Da Nang',' chivo@gamil.com ', '04142542367'),
('S079', 'Vo Mong','1999/02/01', 'Nu','Dien Thang - Quang Nam',' mongvo@gamil.com ', '098111542367'),
('S080', 'Dinh Gia Truong','1999/10/10','Nam', 'Dien Thang - Quang Nam',' truonggia@gamil.com ', '091444142367'),
('S081', 'Vo Van Tan Tai','1999/02/08', 'Nam','Son Tra-  Da Nang',' taitan@gamil.com ', '0955152367'),
('S082', 'Vo Van Quang Vinh','1999/02/05', 'Nam','Dien Thang - Quang Nam',' VinhQuang@gamil.com ', '07778442367'),
('S083', 'Dinh Toc Tien','1999/07/08', 'Nu','Son Tra-  Da Nang','tientoc@gamil.com ', '09994142367'),
('S084', 'Vo Huy Hue','1999/05/06', 'Nu','Dien Thang - Quang Nam','hue huy@gamil.com ', '01213542367'),
('S085', 'Ta Quang Thang','1999/12/20', 'Nam','Dien Thang - Quang Nam',' thangquang@gamil.com ', '012883542367'),
('S086', 'Nguyen Van Gia Truong','1999/09/20', 'Nam','Son Tra-  Da Nang',' cutenek@gamil.com ', '01299542367'),
('S087', 'Nguyen Van Binh','1999/07/01', 'Nam','Son Tra-  Da Nang',' buyChanh@gamil.com ', '01266542367'),
('S088', 'Nguyen Van Cong Vinh','1999/11/16', 'Nam','Dien Thang - Quang Nam', ' vinhcong@gamil.com ', '012100542367'),
('S089', 'Ha Anh Tuan','1999/04/05', 'Nam','Son Tra-  Da Nang',' tuananh@gamil.com ', '094445542367'),
('S090', 'Quang Vinh','1999/05/20','Nam', 'Dien Thang - Quang Nam',' vinhh@gamil.com ', '090100042367'),
('S091', 'Quan Vu','1999/07/21', 'Nam','Dien Thang - Quang Nam',' vuquan@gamil.com ', '0900002542367'),
('S092', 'Truong Phi','1999/09/21','Nu','Son Tra-  Da Nang',' phitruong@gamil.com ', '091144212367'),
('S093', 'Quach Gia','1999/01/13','Nam', 'Dien Thang - Quang Nam',' giaquoc@gamil.com ', '09163542351'),
('S094', 'Truong Van Gia Dinh','1999/02/01','Nam','Dien Thang - Quang Nam',' giadinh@gamil.com ', '09164236744'),
('S095', 'Chuan Mat','1999/09/06','Nu', 'Dien Thang - Quang Nam',' chuanmat@gamil.com ', '0916354367'),
('S096', 'Dieu Thien','1999/02/12','Nu', 'Son Tra-  Da Nang',' thiendepgai@gamil.com ', '0916354237'),
('S097', 'Tu Ma Y','1999/03/09','Nam', 'Dien Thang - Quang Nam',' ylasao@gamil.com ', '0913542367'),
('S098', 'Tu Ma Chiem','1999/04/05', 'Nam','Dien Thang - Quang Nam',' chiemnek@gamil.com ', '09163542397'),
('S099', 'Luu Bi','1999/06/07', 'Nam','Son Tra-  Da Nang',' biluu@gamil.com ', '09163542387'),
('S100', 'Trieu Van','1999/12/09','Nam', 'Son Tra-  Da Nang',' vannek@gamil.com ', '09163542377'),
('S101', 'Trieu Da','1999/10/18', 'Nam','Son Tra- Da Nang',' datrieu@gamil.com ', '09163542347'),
('S102', 'Trieu DO','1999/07/30 ', 'Nam',' Thanh Ke- Da Nang',' TrieuDo@gamil.com ', '09163542337'),
('S103', 'Luu Bang','1999/04/08', 'Nam','Thanh Ke-  Da Nang',' Bangak@gamil.com ', '09163547567'),
('S104', 'Quan Vu','1999/02/07', 'Nam','Dien Thang - Quang Nam',' VuuNek@gamil.com ', '09163542795'),
('S105', 'Quan Hung','1999/08/01', 'Nam','Thanh Ke-  Da Nang',' hungquan@gamil.com ', '09163542441'),
('S106', 'Luu Hao','1999/11/11', 'Nam',' Dien Thang - Quang Nam',' haoluu@gamil.com ', '0916354244'),
('S107', 'Ma Sieu','1999/12/02', 'Nam',' Thanh Ke- Da Nang',' sieuma@gamil.com ', '09163542757'),
('S108', 'Lu Bo','1999/09/15','Nam', 'Thanh Ke-  Da Nang',' bolu@gamil.com ', '091635424447'),
('S109', 'Tu Ma Heo','1999/11/16', 'Nam',' Dien Thang - Quang Nam',' heomap@gamil.com ', '091635423651'),
('S110', 'Han Vu','1999/02/15', 'Nam','Dien Thang - Quang Nam',' vudeptrai@gamil.com ', '0916354444'),
('S111', 'Quach Tinh','1999/11/19', 'Nam','Dien Thang - Quang Nam',' tinhquach@gamil.com ', '091635499967'),
('S112', 'Hoang Dung','1999/01/19', 'Nu','Thanh Ke-  Da Nang',' dungtinh@gamil.com ', '09163545467'),
('S113', 'Quach Tuong','1999/12/02','Nu','Dien Thang - Quang Nam', ' tuongquach@gamil.com ', '01212597557'),
('S114', 'Truong Vo Ki','1999/02/08','Nam', 'Thanh Ke-  Da Nang',' kivo@gamil.com ', '021643542367'),
('S115', 'Vi Tieu Bao','1999/09/13','Nam','Dien Thang - Quang Nam',' baotieu@gamil.com ', '09165237999'),
('S116', 'Ngao Bai','1999/01/12/','Nam', 'Hai Chau-  Da Nang',' baingao@gamil.com ', '091635451541'),
('S117', 'Hua Chu','1999/12/10','Nam','Dien Thang - Quang Nam',' Huachu@gamil.com ', '091635445151'),
('S118', 'Hua La','1999/01/18','Nam', 'Hai Chau-  Da Nang',' lahua@gamil.com ', '091634455474'),
('S119', 'Bac Lieu','1999/01/06','Nam','Dien Thang - Quang Nam',' lieubac@gamil.com ', '0925111451'),
('S120', 'Bac Ha','1999/01/09','Nam','Hai Chau- Da Nang',' hacongtu@gamil.com ', '01212542367');

INSERT INTO User(ID,userName, password,role, avatar)
VALUES 
	('AD','Administrator', '@PNV12345@','AD', '');

-- SELECT * FROM teacher WHERE ID_Teacher='T711';
-- SELECT * FROM person  WHERE ID='T711';
-- DELETE FROM Person WHERE ID = 'T711';
-- DELETE FROM teacher WHERE ID_teacher = 'T711';

INSERT INTO Student
VALUES 
	('S001', '6A'),
	('S002', '6A'),
	('S003', '6A'),
	('S004', '6A'),
	('S005', '6A'),
	('S006', '6A'),
	('S007', '6A'),
	('S008', '6A'),
	('S009', '6A'),
	('S010', '6A'),
	('S011', '6B'),
	('S012', '6B'),
	('S013', '6B'),
	('S014', '6B'),
	('S015', '6B'),
	('S016', '6B'),
	('S017', '6B'),
	('S018', '6B'),
	('S019', '6B'),
	('S020', '6B'),
	('S021', '6C'),
	('S022', '6C'),
	('S023', '6C'),
	('S024', '6C'),
	('S025', '6C'),
	('S026', '6C'),
	('S027', '6C'),
	('S028', '6C'),
	('S029', '6C'),
	('S030', '6C'),
	('S031', '7A'),
	('S032', '7A'),
	('S033', '7A'),
	('S034', '7A'),
	('S035', '7A'),
	('S036', '7A'),
	('S037', '7A'),
	('S038', '7A'),
	('S039', '7A'),
	('S040', '7A'),
	('S041', '7B'),
	('S042', '7B'),
	('S043', '7B'),
	('S044', '7B'),
	('S045', '7B'),
	('S046', '7B'),
	('S047', '7B'),
	('S048', '7B'),
	('S049', '7B'),
	('S050', '7B'),
	('S051', '7C'),
	('S052', '7C'),
	('S053', '7C'),
	('S054', '7C'),
	('S055', '7C'),
	('S056', '7C'),
	('S057', '7C'),
	('S058', '7C'),
	('S059', '7C'),
	('S060', '7C'),
	('S061', '8A'),
	('S062', '8A'),
	('S063', '8A'),
	('S064', '8A'),
	('S065', '8A'),
	('S066', '8A'),
	('S067', '8A'),
	('S068', '8A'),
	('S069', '8A'),
	('S070', '8A'),
	('S071', '8B'),
	('S072', '8B'),
	('S073', '8B'),
	('S074', '8B'),
	('S075', '8B'),
	('S076', '8B'),
	('S077', '8B'),
	('S078', '8B'),
	('S079', '8B'),
	('S080', '8B'),
	('S081', '8C'),
	('S082', '8C'),
	('S083', '8C'),
	('S084', '8C'),
	('S085', '8C'),
	('S086', '8C'),
	('S087', '8C'),
	('S088', '8C'),
	('S089', '8C'),
	('S090', '8C'),
	('S091', '9A'),
	('S092', '9A'),
	('S093', '9A'),
	('S094', '9A'),
	('S095', '9A'),
	('S096', '9A'),
	('S097', '9A'),
	('S098', '9A'),
	('S099', '9A'),
	('S100', '9A'),
	('S101', '9B'),
	('S102', '9B'),
	('S103', '9B'),
	('S104', '9B'),
	('S105', '9B'),
	('S106', '9B'),
	('S107', '9B'),
	('S108', '9B'),
	('S109', '9B'),
	('S110', '9B'),
	('S111', '9C'),
	('S112', '9C'),
	('S113', '9C'),
	('S114', '9C'),
	('S115', '9C'),
	('S116', '9C'),
	('S117', '9C'),
	('S118', '9C'),
	('S119', '9C'),
	('S120', '9C');

INSERT INTO Teacher
VALUES 
('T601','Toan','6'),
('T602','Ly','6'),
('T603','Hoa','6'),
('T604','Sinh','6'),
('T605','Van','6'),
('T606','Dia','6'),
('T607','Anh','6'),
('T608','Anh','6'),
('T609','CN','6'),
('T610','GDCD','6'),

('T701','Toan','7'),
('T702','Ly','7'),
('T703','Hoa','7'),
('T704','Sinh','7'),
('T705','Van','7'),
('T706','Su','7'),
('T707','Dia','7'),
('T708','Anh','7'),
('T709','CN','7'),
('T710','GDCD','7'),

('T801','Toan','8'),
('T802','Ly','8'),
('T803','Hoa','8'),
('T804','Sinh','8'),
('T805','Van','8'),
('T806','Su','8'),
('T807','Dia','8'),
('T808','Anh','8'),
('T809','CN','8'),
('T810','GDCD','8'),

('T901','Toan','9'),
('T902','Ly','9'),
('T903','Hoa','9'),
('T904','Sinh','9'),
('T905','Van','9'),
('T906','Su','9'),
('T907','Dia','9'),
('T908','Anh','9'),
('T909','CN','9'),
('T910','GDCD','9');

-- SET SQL_SAFE_UPDATES = 0;
-- DELETE FROM Teacher; 


INSERT INTO Diem(ID_Student,Mon,KTM,KTMuoiLam,KTMotTietMot,KTMotTietHai)
value
('S001','Toan','10','5','6','1'),
('S002','Toan','5','6','7','2'),
('S003','Toan','6','8','5','8'),
('S004','Toan','8','10','4','5'),
('S005','Toan','10','10','3','6'),
('S006','Toan','10','0','2','4'),
('S007','Toan','10','1','1','5'),
('S008','Toan','5','6','7','2'),
('S009','Toan','6','8','5','8'),
('S010','Toan','8','10','4','5'),
('S011','Toan','10','10','3','6'),
('S012','Toan','10','0','2','4'),
('S013','Toan','10','1','1','5'),
('S014','Toan','5','6','7','2'),
('S015','Toan','6','8','5','8'),
('S016','Toan','8','10','4','5'),
('S017','Toan','10','10','3','6'),
('S018','Toan','10','0','2','4'),
('S019','Toan','10','1','1','5'),
('S020','Toan','5','6','7','2'),
('S021','Toan','6','8','5','8'),
('S022','Toan','8','10','4','5'),
('S023','Toan','10','10','3','6'),
('S024','Toan','10','0','2','4'),
('S025','Toan','10','1','1','5'),
('S026','Toan','5','6','7','2'),
('S027','Toan','6','8','5','8'),
('S028','Toan','8','10','4','5'),
('S029','Toan','10','10','3','6'),
('S030','Toan','10','0','2','4'),
('S031','Toan','10','1','1','5'),
('S032','Toan','5','6','7','2'),
('S033','Toan','6','8','5','8'),
('S034','Toan','8','10','4','5'),
('S035','Toan','10','10','3','6'),
('S036','Toan','10','0','2','4'),
('S037','Toan','10','1','1','5'),
('S038','Toan','5','6','7','2'),
('S039','Toan','6','8','5','8'),
('S040','Toan','8','10','4','5'),
('S041','Toan','10','10','3','6'),
('S042','Toan','10','0','2','4'),
('S043','Toan','5','6','7','2'),
('S044','Toan','6','8','5','8'),
('S045','Toan','8','10','4','5'),
('S046','Toan','10','10','3','6'),
('S047','Toan','10','0','2','4'),
('S048','Toan','10','1','1','5'),
('S049','Toan','5','6','7','2'),
('S050','Toan','6','8','5','8'),
('S051','Toan','8','10','4','5'),
('S052','Toan','10','10','3','6'),
('S053','Toan','10','0','2','4'),
('S054','Toan','10','1','1','5'),
('S055','Toan','5','6','7','2'),
('S056','Toan','6','8','5','8'),
('S057','Toan','8','10','4','5'),
('S058','Toan','10','10','3','6'),
('S059','Toan','10','0','2','4'),
('S060','Toan','10','1','1','5'),
('S061','Toan','5','6','7','2'),
('S062','Toan','6','8','5','8'),
('S063','Toan','8','10','4','5'),
('S064','Toan','10','10','3','6'),
('S065','Toan','10','0','2','4'),
('S066','Toan','10','1','1','5'),
('S067','Toan','5','6','7','2'),
('S068','Toan','6','8','5','8'),
('S069','Toan','8','10','4','5'),
('S070','Toan','10','10','3','6'),
('S071','Toan','10','0','2','4'),
('S072','Toan','10','1','1','5'),
('S073','Toan','5','6','7','2'),
('S074','Toan','6','8','5','8'),
('S075','Toan','8','10','4','5'),
('S076','Toan','10','10','3','6'),
('S077','Toan','10','0','2','4'),
('S078','Toan','10','1','1','5'),
('S079','Toan','5','6','7','2'),
('S080','Toan','6','8','5','8'),
('S081','Toan','8','10','4','5'),
('S082','Toan','10','10','3','6'),
('S083','Toan','10','0','2','4'),
('S084','Toan','8','10','4','5'),
('S085','Toan','10','10','3','6'),
('S086','Toan','10','0','2','4'),
('S087','Toan','5','6','7','2'),
('S088','Toan','6','8','5','8'),
('S089','Toan','8','10','4','5'),
('S090','Toan','10','10','3','6'),
('S091','Toan','10','0','2','4'),
('S092','Toan','10','1','1','5'),
('S093','Toan','5','6','7','2'),
('S094','Toan','6','8','5','8'),
('S095','Toan','8','10','4','5'),
('S096','Toan','10','10','3','6'),
('S097','Toan','10','0','2','4'),
('S098','Toan','10','1','1','5'),
('S099','Toan','5','6','7','2'),
('S100','Toan','6','8','5','8'),
('S101','Toan','8','10','4','5'),
('S102','Toan','10','10','3','6'),
('S103','Toan','10','0','2','4'),
('S104','Toan','10','1','1','5'),
('S105','Toan','5','6','7','2'),
('S106','Toan','6','8','5','8'),
('S107','Toan','8','10','4','5'),
('S108','Toan','10','10','3','6'),
('S109','Toan','10','0','2','4'),
('S110','Toan','10','1','1','5'),
('S112','Toan','5','6','7','2'),
('S113','Toan','6','8','5','8'),
('S114','Toan','8','10','4','5'),
('S115','Toan','10','10','3','6'),
('S116','Toan','10','0','2','4'),
('S117','Toan','10','1','1','5'),
('S118','Toan','5','6','7','2'),
('S119','Toan','6','8','5','8'),
('S120','Toan','8','10','4','5'),

('S001','Ly','10','5','10','10'),
('S002','Ly','5','6','7','2'),
('S003','Ly','6','8','5','8'),
('S004','Ly','8','10','4','5'),
('S005','Ly','10','10','3','6'),
('S006','Ly','10','0','2','4'),
('S007','Ly','10','1','1','5'),
('S008','Ly','5','6','7','2'),
('S009','Ly','6','8','5','8'),
('S010','Ly','8','10','4','5'),
('S011','Ly','10','10','3','6'),
('S012','Ly','10','0','2','4'),
('S013','Ly','10','1','1','5'),
('S014','Ly','5','6','7','2'),
('S015','Ly','6','8','5','8'),
('S016','Ly','8','10','4','5'),
('S017','Ly','10','10','3','6'),
('S018','Ly','10','0','2','4'),
('S019','Ly','10','1','1','5'),
('S020','Ly','5','6','7','2'),
('S021','Ly','6','8','5','8'),
('S022','Ly','8','10','4','5'),
('S023','Ly','10','10','3','6'),
('S024','Ly','10','0','2','4'),
('S025','Ly','10','1','1','5'),
('S026','Ly','5','6','7','2'),
('S027','Ly','6','8','5','8'),
('S028','Ly','8','10','4','5'),
('S029','Ly','10','10','3','6'),
('S030','Ly','10','0','2','4'),
('S031','Ly','10','1','1','5'),
('S032','Ly','5','6','7','2'),
('S033','Ly','6','8','5','8'),
('S034','Ly','8','10','4','5'),
('S035','Ly','10','10','3','6'),
('S036','Ly','10','0','2','4'),
('S037','Ly','10','1','1','5'),
('S038','Ly','5','6','7','2'),
('S039','Ly','6','8','5','8'),
('S040','Ly','8','10','4','5'),
('S041','Ly','10','10','3','6'),
('S042','Ly','10','0','2','4'),
('S043','Ly','5','6','7','2'),
('S044','Ly','6','8','5','8'),
('S045','Ly','8','10','4','5'),
('S046','Ly','10','10','3','6'),
('S047','Ly','10','0','2','4'),
('S048','Ly','10','1','1','5'),
('S049','Ly','5','6','7','2'),
('S050','Ly','6','8','5','8'),
('S051','Ly','8','10','4','5'),
('S052','Ly','10','10','3','6'),
('S053','Ly','10','0','2','4'),
('S054','Ly','10','1','1','5'),
('S055','Ly','5','6','7','2'),
('S056','Ly','6','8','5','8'),
('S057','Ly','8','10','4','5'),
('S058','Ly','10','10','3','6'),
('S059','Ly','10','0','2','4'),
('S060','Ly','10','1','1','5'),
('S061','Ly','5','6','7','2'),
('S062','Ly','6','8','5','8'),
('S063','Ly','8','10','4','5'),
('S064','Ly','10','10','3','6'),
('S065','Ly','10','0','2','4'),
('S066','Ly','10','1','1','5'),
('S067','Ly','5','6','7','2'),
('S068','Ly','6','8','5','8'),
('S069','Ly','8','10','4','5'),
('S070','Ly','10','10','3','6'),
('S071','Ly','10','0','2','4'),
('S072','Ly','10','1','1','5'),
('S073','Ly','5','6','7','2'),
('S074','Ly','6','8','5','8'),
('S075','Ly','8','10','4','5'),
('S076','Ly','10','10','3','6'),
('S077','Ly','10','0','2','4'),
('S078','Ly','10','1','1','5'),
('S079','Ly','5','6','7','2'),
('S080','Ly','6','8','5','8'),
('S081','Ly','8','10','4','5'),
('S082','Ly','10','10','3','6'),
('S083','Ly','10','0','2','4'),
('S084','Ly','8','10','4','5'),
('S085','Ly','10','10','3','6'),
('S086','Ly','10','0','2','4'),
('S087','Ly','5','6','7','2'),
('S088','Ly','6','8','5','8'),
('S089','Ly','8','10','4','5'),
('S090','Ly','10','10','3','6'),
('S091','Ly','10','0','2','4'),
('S092','Ly','10','1','1','5'),
('S093','Ly','5','6','7','2'),
('S094','Ly','6','8','5','8'),
('S095','Ly','8','10','4','5'),
('S096','Ly','10','10','3','6'),
('S097','Ly','10','0','2','4'),
('S098','Ly','10','1','1','5'),
('S099','Ly','5','6','7','2'),
('S100','Ly','6','8','5','8'),
('S101','Ly','8','10','4','5'),
('S102','Ly','10','10','3','6'),
('S103','Ly','10','0','2','4'),
('S104','Ly','10','1','1','5'),
('S105','Ly','6','8','5','8'),
('S107','Ly','8','10','4','5'),
('S108','Ly','10','10','3','6'),
('S109','Ly','10','0','2','4'),
('S110','Ly','10','1','1','5'),
('S112','Ly','5','6','7','2'),
('S113','Ly','6','8','5','8'),
('S114','Ly','8','10','4','5'),
('S115','Ly','10','10','3','6'),
('S116','Ly','10','0','2','4'),
('S117','Ly','10','1','1','5'),
('S118','Ly','5','6','7','2'),
('S119','Ly','6','8','5','8'),
('S120','Ly','8','10','4','5'),

('S001','Hoa','5','5','6','1'),
('S002','Hoa','1','6','7','2'),
('S003','Hoa','2','8','5','8'),
('S004','Hoa','3','10','4','5'),
('S005','Hoa','0','10','3','6'),
('S006','Hoa','0','0','2','4'),
('S007','Hoa','10','1','1','5'),
('S008','Hoa','5','6','7','2'),
('S009','Hoa','6','8','5','8'),
('S010','Hoa','8','10','4','5'),
('S011','Hoa','10','10','3','6'),
('S012','Hoa','10','0','2','4'),
('S013','Hoa','10','1','1','5'),
('S014','Hoa','5','6','7','2'),
('S015','Hoa','6','8','5','8'),
('S016','Hoa','8','10','4','5'),
('S017','Hoa','10','10','3','6'),
('S018','Hoa','10','0','2','4'),
('S019','Hoa','10','1','1','5'),
('S020','Hoa','5','6','7','2'),
('S021','Hoa','6','8','5','8'),
('S022','Hoa','8','10','4','5'),
('S023','Hoa','10','10','3','6'),
('S024','Hoa','10','0','2','4'),
('S025','Hoa','10','1','1','5'),
('S026','Hoa','5','6','7','2'),
('S027','Hoa','6','8','5','8'),
('S028','Hoa','8','10','4','5'),
('S029','Hoa','10','10','3','6'),
('S030','Hoa','10','0','2','4'),
('S031','Hoa','10','1','1','5'),
('S032','Hoa','5','6','7','2'),
('S033','Hoa','6','8','5','8'),
('S034','Hoa','8','10','4','5'),
('S035','Hoa','10','10','3','6'),
('S036','Hoa','10','0','2','4'),
('S037','Hoa','10','1','1','5'),
('S038','Hoa','5','6','7','2'),
('S039','Hoa','6','8','5','8'),
('S040','Hoa','8','10','4','5'),
('S041','Hoa','10','10','3','6'),
('S042','Hoa','10','0','2','4'),
('S043','Hoa','5','6','7','2'),
('S044','Hoa','6','8','5','8'),
('S045','Hoa','8','10','4','5'),
('S046','Hoa','10','10','3','6'),
('S047','Hoa','10','0','2','4'),
('S048','Hoa','10','1','1','5'),
('S049','Hoa','5','6','7','2'),
('S050','Hoa','6','8','5','8'),
('S051','Hoa','8','10','4','5'),
('S052','Hoa','10','10','3','6'),
('S053','Hoa','10','0','2','4'),
('S054','Hoa','10','1','1','5'),
('S055','Hoa','5','6','7','2'),
('S056','Hoa','6','8','5','8'),
('S057','Hoa','8','10','4','5'),
('S058','Hoa','10','10','3','6'),
('S059','Hoa','10','0','2','4'),
('S060','Hoa','10','1','1','5'),
('S061','Hoa','5','6','7','2'),
('S062','Hoa','6','8','5','8'),
('S063','Hoa','8','10','4','5'),
('S064','Hoa','10','10','3','6'),
('S065','Hoa','10','0','2','4'),
('S066','Hoa','10','1','1','5'),
('S067','Hoa','5','6','7','2'),
('S068','Hoa','6','8','5','8'),
('S069','Hoa','8','10','4','5'),
('S070','Hoa','10','10','3','6'),
('S071','Hoa','10','0','2','4'),
('S072','Hoa','10','1','1','5'),
('S073','Hoa','5','6','7','2'),
('S074','Hoa','6','8','5','8'),
('S075','Hoa','8','10','4','5'),
('S076','Hoa','10','10','3','6'),
('S077','Hoa','10','0','2','4'),
('S078','Hoa','10','1','1','5'),
('S079','Hoa','5','6','7','2'),
('S080','Hoa','6','8','5','8'),
('S081','Hoa','8','10','4','5'),
('S082','Hoa','10','10','3','6'),
('S083','Hoa','10','0','2','4'),
('S084','Hoa','10','10','3','6'),
('S086','Hoa','10','0','2','4'),
('S087','Hoa','5','6','7','2'),
('S088','Hoa','6','8','5','8'),
('S089','Hoa','8','10','4','5'),
('S090','Hoa','10','10','3','6'),
('S091','Hoa','10','0','2','4'),
('S092','Hoa','10','1','1','5'),
('S093','Hoa','5','6','7','2'),
('S094','Hoa','6','8','5','8'),
('S095','Hoa','8','10','4','5'),
('S096','Hoa','10','10','3','6'),
('S097','Hoa','10','0','2','4'),
('S098','Hoa','10','1','1','5'),
('S099','Hoa','5','6','7','2'),
('S100','Hoa','6','8','5','8'),
('S101','Hoa','8','10','4','5'),
('S102','Hoa','10','10','3','6'),
('S103','Hoa','10','0','2','4'),
('S104','Hoa','10','1','1','5'),
('S105','Hoa','5','6','7','2'),
('S106','Hoa','6','8','5','8'),
('S107','Hoa','8','10','4','5'),
('S108','Hoa','10','10','3','6'),
('S109','Hoa','10','0','2','4'),
('S110','Hoa','10','1','1','5'),
('S112','Hoa','5','6','7','2'),
('S113','Hoa','6','8','5','8'),
('S114','Hoa','8','10','4','5'),
('S115','Hoa','10','10','3','6'),
('S116','Hoa','10','0','2','4'),
('S117','Hoa','10','1','1','5'),
('S118','Hoa','5','6','7','2'),
('S119','Hoa','6','8','5','8'),
('S120','Hoa','8','10','4','5'),

('S001','Sinh','10','5','6','1'),
('S002','Sinh','5','6','7','2'),
('S003','Sinh','6','8','5','8'),
('S004','Sinh','8','10','4','5'),
('S005','Sinh','10','10','3','6'),
('S006','Sinh','10','0','2','4'),
('S007','Sinh','10','1','1','5'),
('S008','Sinh','5','6','7','2'),
('S009','Sinh','6','8','5','8'),
('S010','Sinh','8','10','4','5'),
('S011','Sinh','10','10','3','6'),
('S012','Sinh','10','0','2','4'),
('S013','Sinh','10','1','1','5'),
('S014','Sinh','5','6','7','2'),
('S015','Sinh','6','8','5','8'),
('S016','Sinh','8','10','4','5'),
('S017','Sinh','10','10','3','6'),
('S018','Sinh','10','0','2','4'),
('S019','Sinh','10','1','1','5'),
('S020','Sinh','5','6','7','2'),
('S021','Sinh','6','8','5','8'),
('S022','Sinh','8','10','4','5'),
('S023','Sinh','10','10','3','6'),
('S024','Sinh','10','0','2','4'),
('S025','Sinh','10','1','1','5'),
('S026','Sinh','5','6','7','2'),
('S027','Sinh','6','8','5','8'),
('S028','Sinh','8','10','4','5'),
('S029','Sinh','10','10','3','6'),
('S030','Sinh','10','0','2','4'),
('S031','Sinh','10','1','1','5'),
('S032','Sinh','5','6','7','2'),
('S033','Sinh','6','8','5','8'),
('S034','Sinh','8','10','4','5'),
('S035','Sinh','10','10','3','6'),
('S036','Sinh','10','0','2','4'),
('S037','Sinh','10','1','1','5'),
('S038','Sinh','5','6','7','2'),
('S039','Sinh','6','8','5','8'),
('S040','Sinh','8','10','4','5'),
('S041','Sinh','10','10','3','6'),
('S042','Sinh','10','0','2','4'),
('S043','Sinh','5','6','7','2'),
('S044','Sinh','6','8','5','8'),
('S045','Sinh','8','10','4','5'),
('S046','Sinh','10','10','3','6'),
('S047','Sinh','10','0','2','4'),
('S048','Sinh','10','1','1','5'),
('S049','Sinh','5','6','7','2'),
('S050','Sinh','6','8','5','8'),
('S051','Sinh','8','10','4','5'),
('S052','Sinh','10','10','3','6'),
('S053','Sinh','10','0','2','4'),
('S054','Sinh','10','1','1','5'),
('S055','Sinh','5','6','7','2'),
('S056','Sinh','6','8','5','8'),
('S057','Sinh','8','10','4','5'),
('S058','Sinh','10','10','3','6'),
('S059','Sinh','10','0','2','4'),
('S060','Sinh','10','1','1','5'),
('S061','Sinh','5','6','7','2'),
('S062','Sinh','6','8','5','8'),
('S063','Sinh','8','10','4','5'),
('S064','Sinh','10','10','3','6'),
('S065','Sinh','10','0','2','4'),
('S066','Sinh','10','1','1','5'),
('S067','Sinh','5','6','7','2'),
('S068','Sinh','6','8','5','8'),
('S069','Sinh','8','10','4','5'),
('S070','Sinh','10','10','3','6'),
('S071','Sinh','10','0','2','4'),
('S072','Sinh','10','1','1','5'),
('S073','Sinh','5','6','7','2'),
('S074','Sinh','6','8','5','8'),
('S075','Sinh','8','10','4','5'),
('S076','Sinh','10','10','3','6'),
('S077','Sinh','10','0','2','4'),
('S078','Sinh','10','1','1','5'),
('S079','Sinh','5','6','7','2'),
('S080','Sinh','6','8','5','8'),
('S081','Sinh','8','10','4','5'),
('S082','Sinh','10','10','3','6'),
('S083','Sinh','10','0','2','4'),
('S084','Sinh','8','10','4','5'),
('S085','Sinh','10','10','3','6'),
('S086','Sinh','10','0','2','4'),
('S087','Sinh','5','6','7','2'),
('S088','Sinh','6','8','5','8'),
('S089','Sinh','8','10','4','5'),
('S090','Sinh','10','10','3','6'),
('S091','Sinh','10','0','2','4'),
('S092','Sinh','10','1','1','5'),
('S093','Sinh','5','6','7','2'),
('S094','Sinh','6','8','5','8'),
('S095','Sinh','8','10','4','5'),
('S096','Sinh','10','10','3','6'),
('S097','Sinh','10','0','2','4'),
('S098','Sinh','10','1','1','5'),
('S099','Sinh','5','6','7','2'),
('S100','Sinh','6','8','5','8'),
('S101','Sinh','8','10','4','5'),
('S102','Sinh','10','10','3','6'),
('S103','Sinh','10','0','2','4'),
('S104','Sinh','10','1','1','5'),
('S105','Sinh','5','6','7','2'),
('S106','Sinh','6','8','5','8'),
('S107','Sinh','8','10','4','5'),
('S108','Sinh','10','10','3','6'),
('S109','Sinh','10','0','2','4'),
('S110','Sinh','10','1','1','5'),
('S112','Sinh','5','6','7','2'),
('S113','Sinh','6','8','5','8'),
('S114','Sinh','8','10','4','5'),
('S115','Sinh','10','10','3','6'),
('S116','Sinh','10','0','2','4'),
('S117','Sinh','10','1','1','5'),
('S118','Sinh','5','6','7','2'),
('S119','Sinh','6','8','5','8'),
('S120','Sinh','8','10','4','5'),

('S001','Van','10','5','6','1'),
('S002','Van','5','6','7','2'),
('S003','Van','6','8','5','8'),
('S004','Van','8','10','4','5'),
('S005','Van','10','10','3','6'),
('S006','Van','10','0','2','4'),
('S007','Van','10','1','1','5'),
('S008','Van','5','6','7','2'),
('S009','Van','6','8','5','8'),
('S010','Van','8','10','4','5'),
('S011','Van','10','10','3','6'),
('S012','Van','10','0','2','4'),
('S013','Van','10','1','1','5'),
('S014','Van','5','6','7','2'),
('S015','Van','6','8','5','8'),
('S016','Van','8','10','4','5'),
('S017','Van','10','10','3','6'),
('S018','Van','10','0','2','4'),
('S019','Van','10','1','1','5'),
('S020','Van','5','6','7','2'),
('S021','Van','6','8','5','8'),
('S022','Van','8','10','4','5'),
('S023','Van','10','10','3','6'),
('S024','Van','10','0','2','4'),
('S025','Van','10','1','1','5'),
('S026','Van','5','6','7','2'),
('S027','Van','6','8','5','8'),
('S028','Van','8','10','4','5'),
('S029','Van','10','10','3','6'),
('S030','Van','10','0','2','4'),
('S031','Van','10','1','1','5'),
('S032','Van','5','6','7','2'),
('S033','Van','6','8','5','8'),
('S034','Van','8','10','4','5'),
('S035','Van','10','10','3','6'),
('S036','Van','10','0','2','4'),
('S037','Van','10','1','1','5'),
('S038','Van','5','6','7','2'),
('S039','Van','6','8','5','8'),
('S040','Van','8','10','4','5'),
('S041','Van','10','10','3','6'),
('S042','Van','10','0','2','4'),
('S043','Van','5','6','7','2'),
('S044','Van','6','8','5','8'),
('S045','Van','8','10','4','5'),
('S046','Van','10','10','3','6'),
('S047','Van','10','0','2','4'),
('S048','Van','10','1','1','5'),
('S049','Van','5','6','7','2'),
('S050','Van','6','8','5','8'),
('S051','Van','8','10','4','5'),
('S052','Van','10','10','3','6'),
('S053','Van','10','0','2','4'),
('S054','Van','10','1','1','5'),
('S055','Van','5','6','7','2'),
('S056','Van','6','8','5','8'),
('S057','Van','8','10','4','5'),
('S058','Van','10','10','3','6'),
('S059','Van','10','0','2','4'),
('S060','Van','10','1','1','5'),
('S061','Van','5','6','7','2'),
('S062','Van','6','8','5','8'),
('S063','Van','8','10','4','5'),
('S064','Van','10','10','3','6'),
('S065','Van','10','0','2','4'),
('S066','Van','10','1','1','5'),
('S067','Van','5','6','7','2'),
('S068','Van','6','8','5','8'),
('S069','Van','8','10','4','5'),
('S070','Van','10','10','3','6'),
('S071','Van','10','0','2','4'),
('S072','Van','10','1','1','5'),
('S073','Van','5','6','7','2'),
('S074','Van','6','8','5','8'),
('S075','Van','8','10','4','5'),
('S076','Van','10','10','3','6'),
('S077','Van','10','0','2','4'),
('S078','Van','10','1','1','5'),
('S079','Van','5','6','7','2'),
('S080','Van','6','8','5','8'),
('S081','Van','8','10','4','5'),
('S082','Van','10','10','3','6'),
('S083','Van','10','0','2','4'),
('S084','Van','8','10','4','5'),
('S085','Van','10','10','3','6'),
('S086','Van','10','0','2','4'),
('S087','Van','5','6','7','2'),
('S088','Van','6','8','5','8'),
('S089','Van','8','10','4','5'),
('S090','Van','10','10','3','6'),
('S091','Van','10','0','2','4'),
('S092','Van','10','1','1','5'),
('S093','Van','5','6','7','2'),
('S094','Van','6','8','5','8'),
('S095','Van','8','10','4','5'),
('S096','Van','10','10','3','6'),
('S097','Van','10','0','2','4'),
('S098','Van','10','1','1','5'),
('S099','Van','5','6','7','2'),
('S100','Van','6','8','5','8'),
('S101','Van','8','10','4','5'),
('S102','Van','10','10','3','6'),
('S103','Van','10','0','2','4'),
('S104','Van','10','1','1','5'),
('S105','Van','5','6','7','2'),
('S106','Van','6','8','5','8'),
('S107','Van','8','10','4','5'),
('S108','Van','10','10','3','6'),
('S109','Van','10','0','2','4'),
('S110','Van','10','1','1','5'),
('S112','Van','5','6','7','2'),
('S113','Van','6','8','5','8'),
('S114','Van','8','10','4','5'),
('S115','Van','10','10','3','6'),
('S116','Van','10','0','2','4'),
('S117','Van','10','1','1','5'),
('S118','Van','5','6','7','2'),
('S119','Van','6','8','5','8'),
('S120','Van','8','10','4','5'),

('S001','Su','10','5','6','1'),
('S002','Su','5','6','7','2'),
('S003','Su','6','8','5','8'),
('S004','Su','8','10','4','5'),
('S005','Su','10','10','3','6'),
('S006','Su','10','0','2','4'),
('S007','Su','10','1','1','5'),
('S008','Su','5','6','7','2'),
('S009','Su','6','8','5','8'),
('S010','Su','8','10','4','5'),
('S011','Su','10','10','3','6'),
('S012','Su','10','0','2','4'),
('S013','Su','10','1','1','5'),
('S014','Su','5','6','7','2'),
('S015','Su','6','8','5','8'),
('S016','Su','8','10','4','5'),
('S017','Su','10','10','3','6'),
('S018','Su','10','0','2','4'),
('S019','Su','10','1','1','5'),
('S020','Su','5','6','7','2'),
('S021','Su','6','8','5','8'),
('S022','Su','8','10','4','5'),
('S023','Su','10','10','3','6'),
('S024','Su','10','0','2','4'),
('S025','Su','10','1','1','5'),
('S026','Su','5','6','7','2'),
('S027','Su','6','8','5','8'),
('S028','Su','8','10','4','5'),
('S029','Su','10','10','3','6'),
('S030','Su','10','0','2','4'),
('S031','Su','10','1','1','5'),
('S032','Su','5','6','7','2'),
('S033','Su','6','8','5','8'),
('S034','Su','8','10','4','5'),
('S035','Su','10','10','3','6'),
('S036','Su','10','0','2','4'),
('S037','Su','10','1','1','5'),
('S038','Su','5','6','7','2'),
('S039','Su','6','8','5','8'),
('S040','Su','8','10','4','5'),
('S041','Su','10','10','3','6'),
('S042','Su','10','0','2','4'),
('S043','Su','5','6','7','2'),
('S044','Su','6','8','5','8'),
('S045','Su','8','10','4','5'),
('S046','Su','10','10','3','6'),
('S047','Su','10','0','2','4'),
('S048','Su','10','1','1','5'),
('S049','Su','5','6','7','2'),
('S050','Su','8','10','4','5'),
('S051','Su','10','10','8','9'),
('S052','Su','10','10','3','6'),
('S053','Su','10','0','2','4'),
('S054','Su','10','1','1','5'),
('S055','Su','5','6','7','2'),
('S056','Su','6','8','5','8'),
('S057','Su','8','10','4','5'),
('S058','Su','10','10','3','6'),
('S059','Su','10','0','2','4'),
('S060','Su','10','1','1','5'),
('S061','Su','5','6','7','2'),
('S062','Su','6','8','5','8'),
('S063','Su','8','10','4','5'),
('S064','Su','10','10','3','6'),
('S065','Su','10','0','2','4'),
('S066','Su','10','1','1','5'),
('S067','Su','5','6','7','2'),
('S068','Su','6','8','5','8'),
('S069','Su','8','10','4','5'),
('S070','Su','10','10','3','6'),
('S071','Su','10','0','2','4'),
('S072','Su','10','1','1','5'),
('S073','Su','5','6','7','2'),
('S074','Su','6','8','5','8'),
('S075','Su','8','10','4','5'),
('S076','Su','10','10','3','6'),
('S077','Su','10','0','2','4'),
('S078','Su','10','1','1','5'),
('S079','Su','5','6','7','2'),
('S080','Su','6','8','5','8'),
('S081','Su','8','10','4','5'),
('S082','Su','10','10','3','6'),
('S083','Su','10','0','2','4'),
('S084','Su','8','10','4','5'),
('S085','Su','10','10','3','6'),
('S086','Su','10','0','2','4'),
('S087','Su','5','6','7','2'),
('S088','Su','6','8','5','8'),
('S089','Su','8','10','4','5'),
('S090','Su','10','10','3','6'),
('S091','Su','10','0','2','4'),
('S092','Su','10','1','1','5'),
('S093','Su','5','6','7','2'),
('S094','Su','6','8','5','8'),
('S095','Su','8','10','4','5'),
('S096','Su','10','10','3','6'),
('S097','Su','10','0','2','4'),
('S098','Su','10','1','1','5'),
('S099','Su','5','6','7','2'),
('S100','Su','6','8','5','8'),
('S101','Su','8','10','4','5'),
('S102','Su','10','10','3','6'),
('S103','Su','10','0','2','4'),
('S104','Su','10','1','1','5'),
('S105','Su','5','6','7','2'),
('S106','Su','6','8','5','8'),
('S107','Su','8','10','4','5'),
('S108','Su','10','10','3','6'),
('S109','Su','10','0','2','4'),
('S110','Su','10','1','1','5'),
('S112','Su','5','6','7','2'),
('S113','Su','6','8','5','8'),
('S114','Su','8','10','4','5'),
('S115','Su','10','10','3','6'),
('S116','Su','10','0','2','4'),
('S117','Su','10','1','1','5'),
('S118','Su','5','6','7','2'),
('S119','Su','6','8','5','8'),
('S120','Su','8','10','4','5'),

('S001','Dia','10','5','6','1'),
('S002','Dia','5','6','7','2'),
('S003','Dia','6','8','5','8'),
('S004','Dia','8','10','4','5'),
('S005','Dia','10','10','3','6'),
('S006','Dia','10','0','2','4'),
('S007','Dia','10','1','1','5'),
('S008','Dia','5','6','7','2'),
('S009','Dia','6','8','5','8'),
('S010','Dia','8','10','4','5'),
('S011','Dia','10','10','3','6'),
('S012','Dia','10','0','2','4'),
('S013','Dia','10','1','1','5'),
('S014','Dia','5','6','7','2'),
('S015','Dia','6','8','5','8'),
('S016','Dia','8','10','4','5'),
('S017','Dia','10','10','3','6'),
('S018','Dia','10','0','2','4'),
('S019','Dia','10','1','1','5'),
('S020','Dia','5','6','7','2'),
('S021','Dia','6','8','5','8'),
('S022','Dia','8','10','4','5'),
('S023','Dia','10','10','3','6'),
('S024','Dia','10','0','2','4'),
('S025','Dia','10','1','1','5'),
('S026','Dia','5','6','7','2'),
('S027','Dia','6','8','5','8'),
('S028','Dia','8','10','4','5'),
('S029','Dia','10','10','3','6'),
('S030','Dia','10','0','2','4'),
('S031','Dia','10','1','1','5'),
('S032','Dia','5','6','7','2'),
('S033','Dia','6','8','5','8'),
('S034','Dia','8','10','4','5'),
('S035','Dia','10','10','3','6'),
('S036','Dia','10','0','2','4'),
('S037','Dia','10','1','1','5'),
('S038','Dia','5','6','7','2'),
('S039','Dia','6','8','5','8'),
('S040','Dia','8','10','4','5'),
('S041','Dia','10','10','3','6'),
('S042','Dia','10','0','2','4'),
('S043','Dia','5','6','7','2'),
('S044','Dia','6','8','5','8'),
('S045','Dia','8','10','4','5'),
('S046','Dia','10','10','3','6'),
('S047','Dia','10','0','2','4'),
('S048','Dia','10','1','1','5'),
('S049','Dia','5','6','7','2'),
('S050','Dia','6','8','5','8'),
('S051','Dia','8','10','4','5'),
('S052','Dia','10','10','3','6'),
('S053','Dia','10','0','2','4'),
('S054','Dia','10','1','1','5'),
('S055','Dia','5','6','7','2'),
('S056','Dia','6','8','5','8'),
('S057','Dia','8','10','4','5'),
('S058','Dia','10','10','3','6'),
('S059','Dia','10','0','2','4'),
('S060','Dia','10','1','1','5'),
('S061','Dia','5','6','7','2'),
('S062','Dia','6','8','5','8'),
('S063','Dia','8','10','4','5'),
('S064','Dia','10','10','3','6'),
('S065','Dia','10','0','2','4'),
('S066','Dia','10','1','1','5'),
('S067','Dia','5','6','7','2'),
('S068','Dia','6','8','5','8'),
('S069','Dia','8','10','4','5'),
('S070','Dia','10','10','3','6'),
('S071','Dia','10','0','2','4'),
('S072','Dia','10','1','1','5'),
('S073','Dia','5','6','7','2'),
('S074','Dia','6','8','5','8'),
('S075','Dia','8','10','4','5'),
('S076','Dia','10','10','3','6'),
('S077','Dia','10','0','2','4'),
('S078','Dia','10','1','1','5'),
('S079','Dia','5','6','7','2'),
('S080','Dia','6','8','5','8'),
('S081','Dia','8','10','4','5'),
('S082','Dia','10','10','3','6'),
('S083','Dia','10','0','2','4'),
('S084','Dia','8','10','4','5'),
('S085','Dia','10','10','3','6'),
('S086','Dia','10','0','2','4'),
('S087','Dia','5','6','7','2'),
('S088','Dia','6','8','5','8'),
('S089','Dia','8','10','4','5'),
('S090','Dia','10','10','3','6'),
('S091','Dia','10','0','2','4'),
('S092','Dia','10','1','1','5'),
('S093','Dia','5','6','7','2'),
('S094','Dia','6','8','5','8'),
('S095','Dia','8','10','4','5'),
('S096','Dia','10','10','3','6'),
('S097','Dia','10','0','2','4'),
('S098','Dia','10','1','1','5'),
('S099','Dia','5','6','7','2'),
('S100','Dia','6','8','5','8'),
('S101','Dia','8','10','4','5'),
('S102','Dia','10','10','3','6'),
('S103','Dia','10','0','2','4'),
('S104','Dia','10','1','1','5'),
('S105','Dia','5','6','7','2'),
('S106','Dia','6','8','5','8'),
('S107','Dia','8','10','4','5'),
('S108','Dia','10','10','3','6'),
('S109','Dia','10','0','2','4'),
('S110','Dia','10','1','1','5'),
('S111','Dia','10','7','10','8'),
('S112','Dia','5','6','7','2'),
('S113','Dia','6','8','5','8'),
('S114','Dia','8','10','4','5'),
('S115','Dia','10','10','3','6'),
('S116','Dia','10','0','2','4'),
('S117','Dia','10','1','1','5'),
('S118','Dia','5','6','7','2'),
('S119','Dia','6','8','5','8'),
('S120','Dia','8','10','4','5'),

('S001','Tieng Anh','10','5','6','1'),
('S002','Tieng Anh','5','6','7','2'),
('S003','Tieng Anh','6','8','5','8'),
('S004','Tieng Anh','8','10','4','5'),
('S005','Tieng Anh','10','10','3','6'),
('S006','Tieng Anh','10','0','2','4'),
('S007','Tieng Anh','10','1','1','5'),
('S008','Tieng Anh','5','6','7','2'),
('S009','Tieng Anh','6','8','5','8'),
('S010','Tieng Anh','8','10','4','5'),
('S011','Tieng Anh','10','10','3','6'),
('S012','Tieng Anh','10','0','2','4'),
('S013','Tieng Anh','10','1','1','5'),
('S014','Tieng Anh','5','6','7','2'),
('S015','Tieng Anh','6','8','5','8'),
('S016','Tieng Anh','8','10','4','5'),
('S017','Tieng Anh','10','10','3','6'),
('S018','Tieng Anh','10','0','2','4'),
('S019','Tieng Anh','10','1','1','5'),
('S020','Tieng Anh','5','6','7','2'),
('S021','Tieng Anh','6','8','5','8'),
('S022','Tieng Anh','8','10','4','5'),
('S023','Tieng Anh','10','10','3','6'),
('S024','Tieng Anh','10','0','2','4'),
('S025','Tieng Anh','10','1','1','5'),
('S026','Tieng Anh','5','6','7','2'),
('S027','Tieng Anh','6','8','5','8'),
('S028','Tieng Anh','8','10','4','5'),
('S029','Tieng Anh','10','10','3','6'),
('S030','Tieng Anh','10','0','2','4'),
('S031','Tieng Anh','10','1','1','5'),
('S032','Tieng Anh','5','6','7','2'),
('S033','Tieng Anh','6','8','5','8'),
('S034','Tieng Anh','8','10','4','5'),
('S035','Tieng Anh','10','10','3','6'),
('S036','Tieng Anh','10','0','2','4'),
('S037','Tieng Anh','10','1','1','5'),
('S038','Tieng Anh','5','6','7','2'),
('S039','Tieng Anh','6','8','5','8'),
('S040','Tieng Anh','8','10','4','5'),
('S041','Tieng Anh','10','10','3','6'),
('S042','Tieng Anh','10','0','2','4'),
('S043','Tieng Anh','5','6','7','2'),
('S044','Tieng Anh','6','8','5','8'),
('S045','Tieng Anh','8','10','4','5'),
('S046','Tieng Anh','10','10','3','6'),
('S047','Tieng Anh','10','0','2','4'),
('S048','Tieng Anh','10','1','1','5'),
('S049','Tieng Anh','5','6','7','2'),
('S050','Tieng Anh','6','8','5','8'),
('S051','Tieng Anh','8','10','4','5'),
('S052','Tieng Anh','10','10','3','6'),
('S053','Tieng Anh','10','0','2','4'),
('S054','Tieng Anh','10','1','1','5'),
('S055','Tieng Anh','5','6','7','2'),
('S056','Tieng Anh','6','8','5','8'),
('S057','Tieng Anh','8','10','4','5'),
('S058','Tieng Anh','10','10','3','6'),
('S059','Tieng Anh','10','0','2','4'),
('S060','Tieng Anh','10','1','1','5'),
('S061','Tieng Anh','5','6','7','2'),
('S062','Tieng Anh','6','8','5','8'),
('S063','Tieng Anh','8','10','4','5'),
('S064','Tieng Anh','10','10','3','6'),
('S065','Tieng Anh','10','0','2','4'),
('S066','Tieng Anh','10','1','1','5'),
('S067','Tieng Anh','5','6','7','2'),
('S068','Tieng Anh','6','8','5','8'),
('S069','Tieng Anh','8','10','4','5'),
('S070','Tieng Anh','10','10','3','6'),
('S071','Tieng Anh','10','0','2','4'),
('S072','Tieng Anh','10','1','1','5'),
('S073','Tieng Anh','5','6','7','2'),
('S074','Tieng Anh','6','8','5','8'),
('S075','Tieng Anh','8','10','4','5'),
('S076','Tieng Anh','10','10','3','6'),
('S077','Tieng Anh','10','0','2','4'),
('S078','Tieng Anh','10','1','1','5'),
('S079','Tieng Anh','5','6','7','2'),
('S080','Tieng Anh','6','8','5','8'),
('S081','Tieng Anh','8','10','4','5'),
('S082','Tieng Anh','10','10','3','6'),
('S083','Tieng Anh','10','0','2','4'),
('S084','Tieng Anh','8','10','4','5'),
('S085','Tieng Anh','10','10','3','6'),
('S086','Tieng Anh','10','0','2','4'),
('S087','Tieng Anh','5','6','7','2'),
('S088','Tieng Anh','6','8','5','8'),
('S089','Tieng Anh','8','10','4','5'),
('S090','Tieng Anh','10','10','3','6'),
('S091','Tieng Anh','10','0','2','4'),
('S092','Tieng Anh','10','1','1','5'),
('S093','Tieng Anh','5','6','7','2'),
('S094','Tieng Anh','6','8','5','8'),
('S095','Tieng Anh','8','10','4','5'),
('S096','Tieng Anh','10','10','3','6'),
('S097','Tieng Anh','10','0','2','4'),
('S098','Tieng Anh','10','1','1','5'),
('S099','Tieng Anh','5','6','7','2'),
('S100','Tieng Anh','6','8','5','8'),
('S101','Tieng Anh','8','10','4','5'),
('S102','Tieng Anh','10','10','3','6'),
('S103','Tieng Anh','10','0','2','4'),
('S104','Tieng Anh','10','1','1','5'),
('S105','Tieng Anh','5','6','7','2'),
('S106','Tieng Anh','6','8','5','8'),
('S107','Tieng Anh','8','10','4','5'),
('S108','Tieng Anh','10','10','3','6'),
('S109','Tieng Anh','10','0','2','4'),
('S110','Tieng Anh','10','1','1','5'),
('S112','Tieng Anh','5','6','7','2'),
('S113','Tieng Anh','6','8','5','8'),
('S114','Tieng Anh','8','10','4','5'),
('S115','Tieng Anh','10','10','3','6'),
('S116','Tieng Anh','10','0','2','4'),
('S117','Tieng Anh','10','1','1','5'),
('S118','Tieng Anh','5','6','7','2'),
('S119','Tieng Anh','6','8','5','8'),
('S120','Tieng Anh','8','10','4','5'),

('S001','GDCD','10','5','6','1'),
('S002','GDCD','5','6','7','2'),
('S003','GDCD','6','8','5','8'),
('S004','GDCD','8','10','4','5'),
('S005','GDCD','10','10','3','6'),
('S006','GDCD','10','0','2','4'),
('S007','GDCD','10','1','1','5'),
('S008','GDCD','5','6','7','2'),
('S009','GDCD','6','8','5','8'),
('S010','GDCD','8','10','4','5'),
('S011','GDCD','10','10','3','6'),
('S012','GDCD','10','0','2','4'),
('S013','GDCD','10','1','1','5'),
('S014','GDCD','5','6','7','2'),
('S015','GDCD','6','8','5','8'),
('S016','GDCD','8','10','4','5'),
('S017','GDCD','10','10','3','6'),
('S018','GDCD','10','0','2','4'),
('S019','GDCD','10','1','1','5'),
('S020','GDCD','5','6','7','2'),
('S021','GDCD','6','8','5','8'),
('S022','GDCD','8','10','4','5'),
('S023','GDCD','10','10','3','6'),
('S024','GDCD','10','0','2','4'),
('S025','GDCD','10','1','1','5'),
('S026','GDCD','5','6','7','2'),
('S027','GDCD','6','8','5','8'),
('S028','GDCD','8','10','4','5'),
('S029','GDCD','10','10','3','6'),
('S030','GDCD','10','0','2','4'),
('S031','GDCD','10','1','1','5'),
('S032','GDCD','5','6','7','2'),
('S033','GDCD','6','8','5','8'),
('S034','GDCD','8','10','4','5'),
('S035','GDCD','10','10','3','6'),
('S036','GDCD','10','0','2','4'),
('S037','GDCD','10','1','1','5'),
('S038','GDCD','5','6','7','2'),
('S039','GDCD','6','8','5','8'),
('S040','GDCD','8','10','4','5'),
('S041','GDCD','10','10','3','6'),
('S042','GDCD','10','0','2','4'),
('S043','GDCD','5','6','7','2'),
('S044','GDCD','6','8','5','8'),
('S045','GDCD','8','10','4','5'),
('S046','GDCD','10','10','3','6'),
('S047','GDCD','10','0','2','4'),
('S048','GDCD','10','1','1','5'),
('S049','GDCD','5','6','7','2'),
('S050','GDCD','6','8','5','8'),
('S051','GDCD','8','10','4','5'),
('S052','GDCD','10','10','3','6'),
('S053','GDCD','10','0','2','4'),
('S054','GDCD','10','1','1','5'),
('S055','GDCD','5','6','7','2'),
('S056','GDCD','6','8','5','8'),
('S057','GDCD','8','10','4','5'),
('S058','GDCD','10','10','3','6'),
('S059','GDCD','10','0','2','4'),
('S060','GDCD','10','1','1','5'),
('S061','GDCD','5','6','7','2'),
('S062','GDCD','6','8','5','8'),
('S063','GDCD','8','10','4','5'),
('S064','GDCD','10','10','3','6'),
('S065','GDCD','10','0','2','4'),
('S066','GDCD','10','1','1','5'),
('S067','GDCD','5','6','7','2'),
('S068','GDCD','6','8','5','8'),
('S069','GDCD','8','10','4','5'),
('S070','GDCD','10','10','3','6'),
('S071','GDCD','10','0','2','4'),
('S072','GDCD','10','1','1','5'),
('S073','GDCD','5','6','7','2'),
('S074','GDCD','6','8','5','8'),
('S075','GDCD','8','10','4','5'),
('S076','GDCD','10','10','3','6'),
('S077','GDCD','10','0','2','4'),
('S078','GDCD','10','1','1','5'),
('S079','GDCD','5','6','7','2'),
('S080','GDCD','6','8','5','8'),
('S081','GDCD','8','10','4','5'),
('S082','GDCD','10','10','3','6'),
('S083','GDCD','10','0','2','4'),
('S084','GDCD','8','10','4','5'),
('S085','GDCD','10','10','3','6'),
('S086','GDCD','10','0','2','4'),
('S087','GDCD','5','6','7','2'),
('S088','GDCD','6','8','5','8'),
('S089','GDCD','8','10','4','5'),
('S090','GDCD','10','10','3','6'),
('S091','GDCD','10','0','2','4'),
('S092','GDCD','10','1','1','5'),
('S093','GDCD','5','6','7','2'),
('S094','GDCD','6','8','5','8'),
('S095','GDCD','8','10','4','5'),
('S096','GDCD','10','10','3','6'),
('S097','GDCD','10','0','2','4'),
('S098','GDCD','10','1','1','5'),
('S099','GDCD','5','6','7','2'),
('S100','GDCD','6','8','5','8'),
('S101','GDCD','8','10','4','5'),
('S102','GDCD','10','10','3','6'),
('S103','GDCD','10','0','2','4'),
('S104','GDCD','10','1','1','5'),
('S105','GDCD','5','6','7','2'),
('S106','GDCD','6','8','5','8'),
('S107','GDCD','8','10','4','5'),
('S108','GDCD','10','10','3','6'),
('S109','GDCD','10','0','2','4'),
('S110','GDCD','10','1','1','5'),
('S112','GDCD','5','6','7','2'),
('S113','GDCD','6','8','5','8'),
('S114','GDCD','8','10','4','5'),
('S115','GDCD','10','10','3','6'),
('S116','GDCD','10','0','2','4'),
('S117','GDCD','10','1','1','5'),
('S118','GDCD','5','6','7','2'),
('S119','GDCD','6','8','5','8'),
('S120','GDCD','8','10','4','5'),

('S001','CN','10','5','6','7'),
('S002','CN','5','8','7','8'),
('S003','CN','6','8','5','8'),
('S004','CN','8','9','5','7'),
('S005','CN','10','9','8','6'),
('S006','CN','10','5','6','7'),
('S007','CN','10','8','8','8'),
('S008','CN','8','6','7','5'),
('S009','CN','6','8','5','8'),
('S010','CN','8','10','4','5'),
('S011','CN','10','10','3','6'),
('S012','CN','10','9','5','8'),
('S013','CN','10','8','9','5'),
('S014','CN','5','6','7','9'),
('S015','CN','6','8','5','8'),
('S016','CN','8','10','9','7'),
('S017','CN','10','10','8','6'),
('S018','CN','10','6','8','6'),
('S019','CN','10','8','8','9'),
('S020','CN','8','6','7','5'),
('S021','CN','9','9','8','8'),
('S022','CN','8','10','9','9'),
('S023','CN','10','10','7','6'),
('S024','CN','10','7','6','9'),
('S025','CN','10','9','9','5'),
('S026','CN','5','6','7','2'),
('S027','CN','6','8','5','8'),
('S028','CN','8','10','4','5'),
('S029','CN','10','10','3','6'),
('S030','CN','10','7','2','4'),
('S031','CN','10','8','9','5'),
('S032','CN','5','6','7','9'),
('S033','CN','6','7','9','8'),
('S034','CN','8','10','4','5'),
('S035','CN','10','10','3','6'),
('S036','CN','10','0','2','4'),
('S037','CN','10','1','1','5'),
('S038','CN','5','6','7','2'),
('S039','CN','6','8','5','8'),
('S040','CN','8','10','4','5'),
('S041','CN','10','10','3','6'),
('S042','CN','10','0','2','4'),
('S043','CN','5','6','7','2'),
('S044','CN','6','8','5','8'),
('S045','CN','9','10','4','5'),
('S046','CN','10','10','3','6'),
('S047','CN','10','0','2','4'),
('S048','CN','10','1','1','5'),
('S049','CN','5','6','7','2'),
('S050','CN','8','8','5','8'),
('S051','CN','8','10','4','5'),
('S052','CN','10','10','3','6'),
('S053','CN','10','0','2','4'),
('S054','CN','10','1','1','5'),
('S055','CN','8','6','7','2'),
('S056','CN','8','8','5','8'),
('S057','CN','8','10','4','5'),
('S058','CN','10','10','3','6'),
('S059','CN','10','0','2','4'),
('S060','CN','10','1','1','5'),
('S061','CN','9','6','7','2'),
('S062','CN','9','8','5','8'),
('S063','CN','5','10','4','5'),
('S064','CN','10','10','3','6'),
('S065','CN','10','0','2','4'),
('S066','CN','10','1','1','5'),
('S067','CN','6','6','7','2'),
('S068','CN','6','8','5','8'),
('S069','CN','9','10','4','5'),
('S070','CN','10','10','3','6'),
('S071','CN','10','0','2','4'),
('S072','CN','10','1','1','5'),
('S073','CN','9','6','7','2'),
('S074','CN','7','8','5','8'),
('S075','CN','9','10','4','5'),
('S076','CN','10','10','3','6'),
('S077','CN','10','0','2','4'),
('S078','CN','10','1','1','5'),
('S079','CN','8','6','7','2'),
('S080','CN','5','8','5','8'),
('S081','CN','9','10','4','5'),
('S082','CN','10','10','3','6'),
('S083','CN','10','0','2','4'),
('S084','CN','8','10','4','5'),
('S085','CN','9','10','3','6'),
('S086','CN','8','0','2','4'),
('S087','CN','8','6','7','2'),
('S088','CN','5','8','5','8'),
('S089','CN','6','10','4','5'),
('S090','CN','10','10','3','6'),
('S091','CN','10','0','2','4'),
('S092','CN','4','1','1','5'),
('S093','CN','6','6','7','2'),
('S094','CN','8','8','5','8'),
('S095','CN','5','10','4','5'),
('S096','CN','6','10','3','6'),
('S097','CN','9','0','2','4'),
('S098','CN','8','1','1','5'),
('S099','CN','6','6','7','2'),
('S100','CN','8','8','5','8'),
('S101','CN','9','10','4','5'),
('S102','CN','10','10','3','6'),
('S103','CN','10','0','2','4'),
('S104','CN','8','1','1','5'),
('S105','CN','5','6','7','2'),
('S106','CN','7','8','5','8'),
('S107','CN','4','10','4','5'),
('S108','CN','10','10','3','6'),
('S109','CN','10','0','2','4'),
('S110','CN','10','1','1','5'),
('S112','CN','6','6','7','2'),
('S113','CN','7','8','5','8'),
('S114','CN','9','10','4','5'),
('S115','CN','10','10','3','6'),
('S116','CN','10','0','2','4'),
('S117','CN','10','1','1','5'),
('S118','CN','9','6','7','2'),
('S119','CN','9','8','5','8'),
('S120','CN','6','10','4','5');

 
 SELECT * FROM User;
SELECT Diem.ID_Student,person.name,KTM,KTMuoiLam,KTMotTietMot,KTMotTietHai,HK,DiemTB FROM person,Diem,student WHERE person.ID=Diem.ID_Student AND person.ID = student.ID_Student AND Diem.Mon='Sinh' AND student.class='6B' AND Diem.ID_Student='S129';
-- UPDATE Diem SET DiemTB='' WHERE mon='Li';
-- SELECT * FROM Diem,Student WHERE Diem.ID_Student=Student.ID_Student AND mon='Ly' AND Student.Class = '7A';
-- SELECT teacher.khoi FROM teacher,user,person WHERE person.ID =user.ID AND teacher.ID_Teacher=person.ID AND user.userName= 'SonTung' AND teacher.khoi = 6;

SET SQL_SAFE_UPDATES = 0;

DELETE  FROM Diem WHERE ID_Student ='S031';

